x,y,mpio_id,depto,name_id
-71.79293289,11.98798924,44847,44,Uribia
-72.57076612,11.60622976,44560,44,Manaure
-72.29365419,11.38458593,44430,44,Maicao
-72.95819345,11.24795583,44001,44,Riohacha
-73.43929277,11.09249209,44090,44,Dibulla
-73.912761,11.1058769,47001,47,Santa Marta
-72.71894794,11.09997609,44378,44,Hatonuevo
-72.70173933,10.95331448,44078,44,Barrancas
-74.04012203,10.88700533,47189,47,Ciénaga
-74.83359061,10.97955359,08001,08,Barranquilla
-74.63803055,10.86372334,47745,47,Sitionuevo
-74.90983903,11.00031667,08573,08,Puerto Colombia
-72.95542079,10.8998005,44098,44,Distracción
-72.78889821,10.78668909,44279,44,Fonseca
-73.06185239,10.77854614,44650,44,San Juan del Cesar
-74.3793053,10.83105329,47570,47,Puebloviejo
-74.98173473,10.89690514,08832,08,Tubará
-74.87944784,10.89642374,08296,08,Galapa
-74.78513794,10.89790469,08758,08,Soledad
-74.80633562,10.83751223,08433,08,Malambo
-75.07296911,10.8156468,08372,08,NA
-73.43206847,10.43268551,20001,20,Valledupar
-73.9103297,10.61989124,47053,47,Aracataca
-74.9197576,10.7828125,08078,08,Baranoa
-74.76901422,10.78767868,08634,08,Sabanagrande
-74.85354246,10.75853055,08558,08,Polonuevo
-75.15399096,10.73465105,08549,08,Piojo
-74.99262092,10.73757301,08849,08,Usiacuri
-75.27929322,10.68543612,13673,13,Santa Catalina
-74.79969536,10.72857721,08685,08,Santo Tomás
-74.77368359,10.68580178,08520,08,Palmar de Varela
-74.36237182,10.66829774,47268,47,El Retén
-74.60084554,10.63113124,47605,47,Remolino
-74.95455626,10.61329248,08638,08,Sabanalarga
-74.80231721,10.58032558,08560,08,Ponedera
-75.16820762,10.62303983,08421,08,Luruaco
-75.4621681,10.41869233,13001,13,Cartagena
-73.67312585,10.26744051,20570,20,Pueblo Bello
-74.40891018,10.4053615,47551,47,Pivijay
-72.9716092,10.56863315,44874,44,Villanueva
-72.82945181,10.57655952,44110,44,El Molino
-73.89402212,10.45014244,47288,47,Fundación
-75.30344218,10.5346827,13222,13,Clemencia
-75.1350701,10.49590186,08606,08,Repelón
-74.72592371,10.49667853,47675,47,Salamina
-74.88252489,10.47097576,08141,08,Candelaria
-72.97967418,10.47738156,44855,44,Urumita
-74.99238498,10.44131786,08436,08,Manatí
-75.34963339,10.43549518,13683,13,Santa Rosa
-75.25786702,10.41389671,13873,13,Villanueva
-74.68052567,10.33658488,47258,47,El Piñon
-74.89651393,10.37682442,08137,08,Campo de la Cruz
-73.24538047,10.12152829,20621,20,La Paz (Robles)
-75.20290689,10.33618264,13647,13,San Estanislao
-72.97974182,10.36897059,20443,20,Manaure Balcón del Cesar
-75.11551893,10.30633396,13760,13,Soplaviento
-75.09140086,10.35519219,13620,13,San Cristobal
-75.37286364,10.32242848,13836,13,Turbaco
-73.92932967,10.18292768,20238,20,El Copey
-74.97362756,10.33497332,08675,08,Santa Lucía
-74.82477265,10.29055267,47161,47,Cerro San Antonio
-74.99878909,10.21688766,13140,13,Calamar
-73.25012309,10.23441343,20750,20,San Diego
-74.91561089,10.29578892,08770,08,Suan
-75.36543293,10.1321021,13052,13,Arjona
-75.18105318,10.15555019,13433,13,Mahates
-75.43579822,10.20409917,13838,13,Turbaná
-74.83363763,10.15249138,47541,47,NA
-74.54556354,10.08587279,47170,47,Chivolo
-73.26510274,9.92879226,20013,20,Agustín Codazzi
-74.92432898,10.02451623,13248,13,El Guamo
-75.50059344,9.80140741,70713,70,San Onofre
-75.07119953,9.94699508,13657,13,San Juan de Nepomuceno
-75.34270362,9.96049089,13442,13,María la Baja
-73.88536366,9.92664141,20060,20,Bosconia
-74.73054511,9.9122218,47798,47,Tenerife
-74.59930025,9.76216662,47555,47,Plato
-74.09360055,9.82316369,47058,47,Ariguaní (El Difícil)
-73.24213409,9.72959349,20045,20,Becerríl
-75.11431941,9.81670906,13654,13,San Jacinto
-75.15610699,9.69252741,13244,13,El Carmen de Bolívar
-73.71216092,9.65621557,20250,20,El Paso
-74.89829733,9.7385367,13894,13,Zambrano
-74.31700455,9.52728231,47707,47,Santa Ana
-74.22217917,9.46648114,47545,47,Pijiño
-75.18148499,9.55319127,70508,70,Ovejas
-73.33356882,9.53590881,20400,20,La Jagua de Ibirico
-75.31863755,9.57220098,70230,70,Chalán
-74.88956654,9.5347983,13212,13,Córdoba
-75.4378877,9.48685313,70823,70,Tolú Viejo
-75.35844869,9.51018893,70204,70,Colosó (Ricaurte)
-73.54133184,9.4072363,20178,20,Chiriguaná
-73.97506105,9.4873907,20032,20,Astrea
-75.02284252,9.40816996,70717,70,San Pedro
-73.76705058,9.21616186,20175,20,Chimichagua
-75.20334833,9.42192141,70418,70,Los Palmitos
-75.31778937,9.38131153,70473,70,Morroa
-74.212619,9.32935008,47692,47,San Sebastián de Buenavista
-74.3590839,9.30539178,47703,47,San Zenón
-74.73597254,9.14318178,13430,13,Magangué
-74.95276997,9.31421202,70110,70,Buenavista
-75.76404365,9.3488725,23672,23,San Antero
-75.95238608,9.32317586,23675,23,San Bernardo del Viento
-75.4257036,9.30735847,70001,70,Sincelejo
-74.65211537,9.3166883,13780,13,Talaigua Nuevo
-75.06529632,9.24380349,70742,70,Sincé
-75.57234063,9.32599741,70523,70,Palmito
-75.1910914,9.28264459,70702,70,San Juan de Betulia
-73.49252356,9.2119051,20228,20,Curumaní
-74.1547222,9.21988322,47318,47,Guamal
-75.24881752,9.20343217,70215,70,Corozal
-73.99695862,9.10329192,47245,47,El Banco
-76.10955586,9.20089767,23500,23,Moñitos
-75.90210702,9.15397681,23417,23,Lorica
-75.70781924,9.24847625,23586,23,Purísima
-75.6320602,9.23334382,23464,23,Momil
-74.583653,9.12248388,13468,13,Mompós
-74.69055763,9.22720082,13188,13,Cicuco
-73.3496735,8.8456505,54245,54,El Carmen
-75.51334362,9.13592859,23670,23,San Andrés Sotavento
-73.24044652,8.79092987,54206,54,Convención
-74.4081482,9.07330016,13650,13,San Fernando
-75.35298153,9.15488835,70670,70,Sampués
-75.63504729,9.09286424,23168,23,Chimá
-74.2780534,9.06035297,13440,13,Margarita
-74.97415607,9.1312852,70235,70,Galeras (Nueva Granada)
-75.77464659,9.05244655,23300,23,Cotorra
-75.35724539,9.00536615,23182,23,Chinú
-73.16542172,8.74583595,54800,54,Teorama
-76.17502124,8.99272828,23574,23,Puerto Escondido
-72.82905752,8.67309983,54810,54,Tibú
-74.96944517,8.83328579,70678,70,San Benito Abad
-75.9064816,8.97240628,23686,23,San Pelayo
-73.77725761,8.86092498,20787,20,Tamalameque
-74.3780413,8.82106002,13549,13,Pinillos
-73.58964163,8.92332451,20517,20,Pailitas
-74.75165088,8.81073267,70771,70,Sucre
-75.60268824,8.82824545,23189,23,Ciénaga de Oro
-74.12062495,8.96351916,13300,13,Hatillo de Loba
-75.43018757,8.78224101,23660,23,Sahagún
-73.94471905,8.81517688,13268,13,El Peñon
-74.04237197,8.80347682,13667,13,San Martín de Loba
-76.29842065,8.87495723,23419,23,Los Córdobas
-75.81858851,8.87856769,23162,23,Cereté
-74.16034858,8.81586345,13074,13,Barranco de Loba
-75.95421032,8.58120917,23001,23,Montería
-75.10662208,8.77199558,70124,70,Caimito
-76.42183766,8.64221725,05051,05,Arboletes
-73.60742997,8.76843805,20550,20,Pelaya
-75.29326063,8.79364936,70400,70,La Unión
-75.68814473,8.69431232,23678,23,San Carlos
-76.25492899,8.74599544,23090,23,Canalete
-73.05021924,8.65097844,54250,54,El Tarra
-74.22676734,8.73609054,13030,13,Altos del Rosario
-73.86098914,8.70121411,13580,13,Regidor
-76.50845669,8.68048446,05659,05,San Juan de Urabá
-74.50309573,8.58218648,13006,13,Achí
-73.64728027,8.59417773,20383,20,La Gloria
-74.71910861,8.5394568,70429,70,Majagual
-75.16420463,8.57363489,70708,70,San Marcos
-76.67819997,8.53205255,05490,05,Necoclí
-74.07365289,8.42262745,13600,13,Río Viejo
-77.29809099,8.4031708,27006,27,Acandí
-74.30256193,8.47581402,13810,13,Tiquisio (Puerto Rico)
-76.31439824,8.42025462,05665,05,San Pedro de Urabá
-75.39426314,8.46054504,23570,23,Pueblo Nuevo
-73.16250228,8.43900712,54670,54,San Calixto
-75.61251529,8.31073233,23555,23,Planeta Rica
-74.68309707,8.36552495,70265,70,Guaranda
-73.62082672,8.24158476,20011,20,Aguachica
-75.04245163,8.23891572,23068,23,Ayapel
-73.09309087,8.34091589,54344,54,Hacarí
-73.72062138,8.30941585,20295,20,Gamarra
-73.93609376,8.24722736,13473,13,Morales
-74.45487856,7.99215973,13458,13,Montecristo
-73.39641651,8.36397307,20310,20,Gonzalez
-72.81716435,8.23163917,54720,54,Sardinata
-76.73433419,8.00184188,05837,05,Turbo
-76.22083056,8.22524099,23855,23,Valencia
-72.51779506,8.06986,54001,54,Cúcuta
-73.34616216,8.21288287,54498,54,Ocaña
-74.66142122,8.16273094,13655,13,San Jacinto del Cauca
-72.45940173,8.30255749,54553,54,Puerto Santander
-77.10968424,8.10293981,27800,27,Unguía
-75.44177022,8.17346724,23079,23,Buenavista
-76.17377376,7.80342198,23807,23,Tierralta
-73.20528546,8.23822282,54398,54,La Playa
-73.50300881,8.15725012,20614,20,Río de oro
-74.1317277,8.19389671,13042,13,Arenal
-72.65586552,8.06394275,54261,54,El Zulia
-73.1817599,7.99721414,54003,54,Ábrego
-74.85478694,7.99514123,05495,05,Nechí
-72.94392036,8.05714922,54109,54,Bucarasica
-75.72326073,7.87613423,23466,23,Montelíbano
-74.67563729,7.74179018,05250,05,El Bagre
-73.97585216,7.81388797,13744,13,Simití
-75.29866497,8.02733673,23350,23,La Apartada y La Frontera
-73.80168469,7.53406631,68575,68,Puerto Wilches
-74.27255162,7.69521151,13688,13,Santa Rosa del Sur
-73.60682667,7.91099409,20770,20,San Martín
-73.00368802,7.91251656,54871,54,Villa Caro
-76.56964236,7.90147628,05045,05,Apartadó
-75.01045418,7.84160097,05154,05,Caucasia
-73.46420554,7.83388751,20710,20,San Alberto
-72.86531032,7.93886162,54418,54,Lourdes
-72.81862394,7.87664984,54313,54,Gramalote
-75.2307528,7.66376364,05120,05,Cáceres
-75.77983172,7.67800438,23580,23,Puerto Libertador
-72.73397381,7.86748604,54680,54,Santiago
-72.63457802,7.82639401,54673,54,San Cayetano
-77.34307111,7.37079823,27615,27,Ríosucio
-76.65901973,7.79891499,05147,05,Carepa
-72.89051887,7.75219106,54660,54,Salazar
-72.52078901,7.75103839,54874,54,Villa del Rosario
-73.19326386,7.65435742,54128,54,Cáchira
-72.69588075,7.71693225,54239,54,Durania
-72.56600711,7.70204519,54405,54,Los Patios
-73.40542666,7.6828562,54385,54,La Esperanza
-76.63602644,7.64192644,05172,05,Chigorodó
-75.5004521,7.49011825,05790,05,Tarazá
-72.6838402,7.6009255,54099,54,Bochalema
-73.37239888,7.44414618,68615,68,Rio Negro
-72.89283307,7.58845978,54051,54,Arboledas
-74.87294697,7.48072257,05895,05,Zaragoza
-73.59316804,7.41492709,68655,68,Sabana de Torres
-72.60051505,7.55251983,54172,54,Chinácota
-72.53582251,7.56480507,54599,54,Ragonvalia
-73.05465267,7.51423908,68780,68,Suratá
-72.82060413,7.46898386,54223,54,Cucutilla
-73.1917464,7.51422662,68255,68,El Playón
-72.65734472,7.45526541,54520,54,Pamplonita
-72.51709226,7.46625066,54347,54,Herrán
-74.24079028,7.31080177,13670,13,San Pablo
-72.99268407,7.40258711,68132,68,California
-77.69935296,7.12494083,27372,27,Juradó
-74.65589946,7.24508524,05736,05,Segovia
-72.93089183,7.33360558,68867,68,Vetas
-72.33632344,7.20553489,54820,54,Toledo
-73.07815207,7.33480217,68444,68,Matanza
-74.12612543,7.22597828,13160,13,Cantagallo
-72.69634584,7.3475999,54518,54,Pamplona
-75.11875601,7.17401664,05040,05,Anorí
-75.39290734,7.27068694,05854,05,Valdivia
-75.86669916,7.25415606,05361,05,Ituango
-73.31220687,7.19399006,68406,68,Lebrija
-72.54946005,7.24194676,54377,54,Labateca
-72.79608562,7.29574771,54480,54,Mutiscua
-73.00292708,7.24251322,68169,68,Charta
-72.67473463,7.24812232,54125,54,Cácota
-72.81603089,7.14550461,54743,54,Silos
-74.98869066,6.97553507,05031,05,Amalfi
-74.17321018,6.90460325,05893,05,Yondó (Casabe)
-73.3147405,7.06623666,68307,68,NA
-74.56903974,6.96999469,05604,05,Remedios
-72.96303594,7.15576895,68820,68,Tona
-75.46469184,6.98506371,05887,05,Yarumal
-72.5476883,7.0292977,54174,54,Chitagá
-73.12949144,7.13411087,68001,68,Bucaramanga
-73.77891961,7.04205816,68081,68,Barrancabermeja
-75.56987667,7.10736968,05107,05,Briceño
-75.88246257,7.04278795,05543,05,Peque
-76.32083986,6.99318052,05234,05,Dabeiba
-75.31218419,7.03237361,05134,05,Campamento
-73.51866679,6.86507678,68689,68,San Vicente del Chucurí
-73.08205698,7.06008227,68276,68,Floridablanca
-73.3878266,6.9933321,68092,68,Betulia
-73.01992297,6.95345784,68547,68,Pie de Cuesta
-75.7191279,7.00341891,05819,05,Toledo
-70.54283778,6.79299146,81001,81,Arauca
-72.9275464,6.9351743,68705,68,Santa Bárbara
-75.80018875,6.89290984,05628,05,Sabanalarga
-71.87754191,6.88006018,81736,81,Saravena
-71.29304463,6.76146629,81065,81,Arauquita
-72.84413358,6.91419217,68318,68,Guaca
-76.10744623,6.9574141,05842,05,Uramita
-72.20786579,6.85344164,15223,15,Cubará
-76.70535055,6.82028812,05475,05,Murindó
-75.6572703,6.93162255,05647,05,San Andrés de Cuerquía
-76.02710756,6.83412663,05138,05,Cañasgordas
-72.66739711,6.88813103,68162,68,Cerrito
-73.29263815,6.8162099,68895,68,Zapatoca
-75.91338575,6.80753285,05113,05,Burítica
-74.78475681,6.81423425,05858,05,Vegachí
-75.35830343,6.85536547,05038,05,Angostura
-75.2342038,6.85412043,05315,05,Guadalupe
-73.71423692,6.64526664,68745,68,Simacota
-72.83075033,6.78122558,68669,68,San Andrés
-76.3163513,6.70639798,05284,05,Frontino
-75.69455413,6.81890944,05658,05,San José de Montaña
-75.20211249,6.6961732,05310,05,Gómez Plata
-72.63166849,6.76794589,68207,68,Concepción
-73.1214512,6.79510449,68418,68,Los Santos
-77.09311589,6.47811663,27099,27,Bojayá (Bellavista)
-73.61191385,6.66750749,68235,68,El Carmen
-75.45588149,6.66644301,05686,05,Santa Rosa de Osos
-73.97895999,6.67432832,68573,68,Puerto Parra
-71.88849809,6.63460216,81300,81,Fortúl
-76.68415503,6.43984537,05873,05,Vigía del Fuerte
-72.43897506,6.65196691,15180,15,Chiscas
-75.31789462,6.74537815,05150,05,Carolina
-74.93603255,6.63065273,05890,05,Yolombó
-73.02594697,6.70191108,68051,68,Aratoca
-77.35791172,6.30361334,27075,27,Bahía Solano (Mútis)
-72.94592292,6.73050354,68160,68,Cepita
-75.79539082,6.71971439,05411,05,Liborina
-75.65350874,6.62148228,05086,05,Belmira
-74.78578662,6.70010807,05885,05,Yalí
-73.33852122,6.65898219,68296,68,Galán
-72.7670641,6.70395731,68432,68,Málaga
-74.17127899,6.42534457,68190,68,Cimitarra
-73.17480112,6.6631013,68872,68,Villanueva
-76.08711436,6.62422016,05004,05,Abriaquí
-72.59051795,6.64533232,68152,68,Carcasí
-74.53627502,6.46850604,05579,05,Puerto Berrío
-73.10656517,6.6966619,68370,68,Jordán
-72.26955966,6.53384813,15332,15,Guicán
-75.95218197,6.65804487,05306,05,Giraldo
-73.23198518,6.64238512,68079,68,Barichara
-72.70397695,6.64385922,68266,68,Enciso
-72.84894383,6.62321656,68468,68,Molagavita
-70.09674581,6.32532906,81220,81,Cravo Norte
-71.76497023,6.35413521,81794,81,Tame
-72.76991778,6.60690141,68684,68,San Miguel
-75.56668201,6.58598664,05264,05,Entrerríos
-73.04219187,6.60409706,68229,68,Curití
-70.93244069,6.38609937,81591,81,Puerto Rondón
-75.78192601,6.60113846,05501,05,Olaya
-75.91227498,6.53302161,05042,05,Santa Fé de Antioquia
-73.26449817,6.56249365,68121,68,Cabrera
-73.1341948,6.53998832,68679,68,San Gil
-74.73164629,6.51664949,05425,05,Maceo
-72.98044583,6.47025626,68464,68,Mogotes
-73.37487819,6.54429897,68344,68,Hato
-75.75866095,6.51222426,05761,05,Sopetrán
-72.66170193,6.55474295,68686,68,San José de Miranda
-76.26233962,6.33950513,05847,05,Urrao
-72.69988694,6.4977464,68147,68,Capitanejo
-75.08972885,6.54283831,05190,05,Cisneros
-72.60690866,6.49517506,68425,68,Macaravita
-72.77281908,6.49360505,15218,15,Covarachía
-75.36385013,6.49509917,05237,05,Don Matías
-75.15107033,6.4712872,05690,05,Santo Domingo
-73.1869902,6.5041539,68549,68,Pinchote
-73.30367773,6.49815525,68522,68,Palmar
-72.87007349,6.43902625,68682,68,San Joaquín
-72.82969901,6.32168683,68502,68,Onzaga
-74.9480398,6.44134882,05670,05,San Roque
-73.72223329,6.23107359,68861,68,Vélez
-73.84717302,6.30414536,68385,68,Landázuri
-73.25167887,6.45441966,68755,68,Socorro
-75.98812689,6.42407943,05125,05,Caicedo
-75.34042998,6.42795941,05079,05,Barbosa
-72.49529043,6.46458362,15248,15,El Espino
-75.56994924,6.44962596,05664,05,San Pedro
-75.72352194,6.43479084,05656,05,San Jerónimo
-73.59652973,6.3944315,68720,68,Santa Helena del Opón
-73.17780496,6.43323569,68533,68,Páramo
-72.53869611,6.41536295,15317,15,Guacamayas
-73.12623383,6.41714113,68855,68,Valle de San José
-72.57374153,6.37511882,15673,15,San Mateo
-73.42205561,6.35943041,68176,68,Chima
-72.47310804,6.40204254,15522,15,Panqueba
-72.71967528,6.39352752,15810,15,Tipacoque
-74.73859583,6.32396091,05142,05,Caracolí
-75.23076679,6.37873367,05206,05,Concepción
-75.45939812,6.36601819,05308,05,Girardota
-72.63972939,6.30654696,15097,15,Boavita
-75.51575548,6.34996438,05212,05,Copacabana
-75.59853051,6.3535346,05088,05,Bello
-75.80119276,6.3209034,05240,05,Ebéjico
-73.27864469,6.37057974,68524,68,Palmas del Socorro
-75.91848505,6.30301253,05044,05,Anzá
-75.11052289,6.35097237,05021,05,Alejandria
-72.43259544,6.32557264,15244,15,El Cocuy
-75.01094315,6.30045588,05667,05,San Rafael
-73.20718457,6.34536405,68209,68,Confines
-73.13429192,6.34031292,68498,68,Ocamonte
-75.63256776,6.26245169,05001,05,Medellín
-75.3326158,6.30193615,05674,05,San Vicente
-72.9845808,6.22498506,68217,68,Coromoro
-73.47953788,6.28936358,68211,68,Contratación
-73.63308278,6.19990196,68397,68,La Paz
-73.17215205,6.17201477,68167,68,Charalá
-72.72118125,6.2971322,15753,15,Soatá
-73.32612798,6.305175,68322,68,Guapota
-75.23566327,6.23953264,05541,05,Peñol
-76.67427474,5.93661486,27001,27,Quibdó
-72.56216046,6.2400571,15403,15,La Uvita
-73.28766706,6.22419872,68500,68,Oiba
-74.90923435,6.18004649,05649,05,San Carlos
-75.44674414,6.26137227,05318,05,Guarne
-73.52651625,6.24705931,68245,68,El Guacamayo
-68.03992761,5.82211318,99001,99,Puerto Carreño
-73.40416411,6.20224919,68320,68,Guadalupe
-75.16881395,6.22970454,05321,05,Guatapé
-75.96993474,6.1804597,05093,05,Betulia
-75.75979001,6.21937114,05347,05,Heliconia
-72.46486683,6.07605173,15183,15,Chita
-72.7532787,6.18266883,15774,15,Susacón
-74.14678789,6.09637654,68101,68,Bolívar
-74.70992056,6.10807408,05585,05,Puerto Nare
-74.47827206,5.93638849,15572,15,Puerto Boyacá
-71.2054412,6.07504386,85125,85,Hato Corozal
-75.31746343,6.1634837,05440,05,Marinilla
-75.82090034,6.15845798,05059,05,Armenia
-75.42263443,6.1492011,05615,05,Ríonegro
-72.36239006,6.13181518,85136,85,La Salina
-75.1373697,6.11096059,05313,05,Granada
-75.5269262,6.06841433,05607,05,Retiro
-73.52297558,6.15753837,68013,68,Aguada
-75.62858362,6.17616804,05360,05,Itagüí
-75.58467598,6.14327172,05266,05,Envigado
-69.50283128,5.50113943,99524,99,La Primavera
-75.72470848,6.12090452,05036,05,Angelópolis
-73.06465595,6.04992433,68264,68,Encino
-75.66280898,6.13709851,05380,05,La Estrella
-73.36742382,6.07946079,68770,68,Suaita
-72.59492588,6.10825031,15368,15,Jericó
-73.98614693,6.06584912,68250,68,El Peñon
-75.91244107,6.05975667,05209,05,Concordia
-75.62390828,6.1256933,05631,05,Sabaneta
-75.26520927,6.1210481,05697,05,Santuario
-72.75016361,6.10260128,15720,15,Sativanorte
-73.5348774,6.09844591,68673,68,San Benito
-72.87621557,6.04917401,15839,15,Tutasá
-75.81506852,6.05344363,05809,05,Titiribí
-75.26446612,5.95726665,05148,05,Carmen de Viboral
-74.95636633,6.001231,05660,05,San Luís
-72.57792939,5.90575818,15755,15,Socotá
-75.63609109,6.03590048,05129,05,Caldas
-73.65061241,6.06106417,68179,68,Chipatá
-76.02670186,5.98866072,05642,05,Salgar
-72.24308405,6.02498466,85315,85,Sácama
-73.96214553,5.96677699,68773,68,Sucre
-75.16700839,6.00359648,05197,05,Cocorná
-70.87655665,5.7552687,85250,85,Paz de Ariporo
-73.50818048,6.04194084,15686,15,Santana
-75.71804329,6.02059225,05030,05,Amagá
-72.73515271,6.0433111,15723,15,Sativasur
-73.59210165,6.02283563,68327,68,Guepsa
-72.78500705,5.99891038,15537,15,Paz de Río
-75.44333732,5.9932596,05376,05,La Ceja
-77.07291008,5.62718046,27025,27,Alto Baudó (Pie de Pato)
-72.69763455,5.92621432,15757,15,Socha
-75.36653067,5.93783478,05400,05,La Unión
-72.92066693,5.97323277,15087,15,Belén
-73.45397655,5.95852307,15185,15,Chitaraque
-73.55592032,5.97410978,15664,15,San José de Pare
-74.70085481,5.93695874,05591,05,Puerto Triunfo
-72.2376745,5.85418766,85400,85,Támara
-73.36406994,5.90024569,68298,68,Gámbita
-75.79637695,5.9518738,05861,05,Venecia
-77.31717936,5.67871928,27495,27,Nuquí
-73.63407321,5.94769528,68077,68,Barbosa
-74.0360662,5.88737482,68377,68,La Belleza
-75.59278051,5.86488741,05679,05,Santa Bárbara
-73.71493373,5.93160231,68324,68,Guavatá
-76.22629336,5.77722958,27245,27,El Carmen de Atrato
-72.98803293,5.93447174,15162,15,Cerinza
-73.17987481,5.80426383,15516,15,Paipa
-73.08644037,5.86063266,15238,15,Duitama
-75.52761265,5.91003212,05467,05,Montebello
-75.69470903,5.87528592,05282,05,Fredonia
-73.01063935,5.8836283,15693,15,Santa Rosa de Viterbo
-74.97582192,5.85750299,05652,05,San Francisco
-72.86882177,5.8907262,15092,15,Beteitiva
-73.51038497,5.89199012,15816,15,Toguí
-73.5742611,5.83998838,15469,15,Moniquirá
-75.84302429,5.866316,05792,05,Tarso
-72.75225041,5.8452739,15790,15,Tasco
-76.05241418,5.84178974,05101,05,Bolívar
-73.68965618,5.81447037,68572,68,Puente Nacional
-75.44924981,5.79196845,05002,05,Abejorral
-75.07848024,5.74400931,05756,05,Sonsón
-73.83195291,5.8566236,68368,68,Jesús María
-72.94702757,5.82584421,15276,15,Floresta
-74.22663428,5.73027118,15507,15,Otanche
-75.87364513,5.79286884,05576,05,Pueblorrico
-75.7730097,5.76001423,05368,05,Jericó
-74.01207109,5.80117602,68271,68,Florián
-73.86143829,5.76752892,68020,68,Albania
-72.87257666,5.78771354,15215,15,Corrales
-73.28255169,5.75953663,15763,15,Sotaquirá
-72.89246561,5.80883562,15114,15,Busbanza
-72.50462363,5.70637898,15550,15,Pisva
-75.62583109,5.74111166,05390,05,La Pintada
-73.4639733,5.72115636,15051,15,Arcabuco
-74.38510873,5.57065803,25885,25,Yacopí
-72.75189024,5.76548382,15296,15,Gámeza
-71.96246,5.64369368,85263,85,Pore
-75.94251659,5.76912751,05353,05,Hispania
-72.38503893,5.62364864,15533,15,NA
-74.02271718,5.67199907,15531,15,Pauna
-75.71863465,5.66786153,05789,05,Támesis
-76.02764131,5.71124553,05091,05,Betania
-73.56503447,5.71736434,15293,15,Gachantivá
-73.3536162,5.66405701,15204,15,Cómbita
-72.95393964,5.74617104,15491,15,Nobsa
-73.02573009,5.71410486,15806,15,Tibasosa
-74.5991683,5.60353688,25572,25,Puerto Salgar
-73.6263076,5.69980193,15696,15,Santa Sofía
-72.85178693,5.73219501,15820,15,Topagá
-73.77694666,5.68477315,15632,15,Saboyá
-75.96578409,5.59929238,05034,05,Andes
-75.1194806,5.70184896,05055,05,Argelia
-74.1341503,5.66334677,15681,15,San Pablo de Borbur
-72.71348528,5.67230841,15464,15,Mongua
-72.90850036,5.63782159,15759,15,Sogamoso
-75.6564915,5.62942678,05856,05,Valparaiso
-76.42443293,5.58577274,27413,27,Lloró
-75.48302471,5.58649909,17013,17,Aguadas
-73.95599929,5.70519731,15832,15,Tunungua
-72.85350203,5.66264956,15466,15,Monguí
-73.83722193,5.61106535,15176,15,Chiquinquirá
-73.93094227,5.65794205,15106,15,Briceño
-73.21098312,5.6435674,15837,15,Tuta
-72.11293242,5.50097965,85225,85,Nunchía
-73.54474008,5.63138753,15407,15,Villa de Leiva
-73.04635648,5.63712227,15272,15,Firavitoba
-73.64831563,5.61254308,15776,15,Sutamarchán
-73.42907116,5.62418736,15476,15,Motavita
-75.82881902,5.57107601,05364,05,Jardín
-75.21411967,5.58113428,05483,05,Nariño
-72.6203457,5.5063503,15377,15,Labranzagrande
-73.49134517,5.61723907,15232,15,Chíquiza
-76.2694726,5.47408309,27073,27,Bagadó
-74.05021733,5.55401349,15442,15,Maripí
-74.27217351,5.55767958,15580,15,Quipama
-73.30744314,5.57141338,15500,15,Oicatá
-72.89867005,5.40121658,15047,15,Aquitania
-72.98512373,5.58325202,15362,15,Izá
-73.18071597,5.5562118,15814,15,Toca
-73.49295895,5.57155151,15762,15,Sora
-73.41340762,5.51004765,15001,15,Tunja
-73.70768912,5.56337168,15808,15,Tinjacá
-73.09832293,5.47248542,15542,15,Pesca
-73.28103327,5.53845028,15187,15,Chivatá
-73.91659238,5.54332786,15131,15,Caldas
-73.56030844,5.53996036,15638,15,Sáchica
-73.77656905,5.52215027,15676,15,San Miguel de Sema
-75.66555908,5.53943353,05145,05,Caramanta
-74.16195562,5.51601134,15480,15,Muzo
-72.95540726,5.54819327,15226,15,Cuitiva
-75.51351397,5.48381855,17513,17,Pácora
-74.86989229,5.42304884,17867,17,La Victoria
-73.86602668,5.50043761,25745,25,Simijaca
-73.65255943,5.48097986,15600,15,Ráquira
-77.23092143,4.98630765,27077,27,Bajo Baudó (Pizarro)
-73.48611278,5.51302659,15224,15,Cucaita
-71.59250525,5.20259201,85325,85,San Luís de Palenque
-73.02964174,5.4465329,15822,15,Tota
-72.2746596,5.21501549,85001,85,Yopal
-74.54055478,5.36140201,25148,25,Caparrapí
-71.1936992,5.3395507,85430,85,Trinidad
-73.54509994,5.44509185,15646,15,Samacá
-70.65650722,5.01893262,99624,99,Santa Rosalía
-75.20067604,5.38543205,17541,17,Pensilvania
-75.78591346,5.42701765,17614,17,Río Sucio
-73.23103037,5.46686328,15740,15,Siachoque
-74.24917563,5.49061707,15401,15,La Victoria
-73.98607188,5.47472377,15109,15,Buenavista
-75.63725053,5.48095709,17442,17,Marmato
-75.67018907,5.4320166,17777,17,Supía
-74.05866708,5.42839165,15212,15,Coper
-73.34276542,5.45414666,15764,15,Soracá
-73.84505928,5.42318721,25779,25,Susa
-76.00503512,5.36587383,66456,66,Mistrató
-73.71437419,5.37719756,25317,25,Guachetá
-73.79333415,5.39030428,25288,25,Fúquene
-73.29410261,5.41165169,15879,15,Viracachá
-75.43088711,5.3526946,17653,17,Salamina
-69.52699431,4.21611542,99773,99,Cumaribo
-73.94968825,5.33079018,25154,25,Carmen de Carupa
-74.17972052,5.36680691,25518,25,Paime
-73.21608005,5.34810169,15621,15,Rondón
-73.40395198,5.40031266,15104,15,Boyacá
-75.58621724,5.3794205,17388,17,La Merced
-74.42420299,5.31571183,25394,25,La Palma
-76.78747027,5.30095664,27135,27,Cantón de San Pablo
-72.71661524,5.34438916,15518,15,Pajarito
-73.54638851,5.35756318,15861,15,Ventaquemada
-74.66162668,5.15883303,25320,25,Guaduas
-74.09029807,5.28746802,25653,25,San Cayetano
-74.30866391,5.33641836,25823,25,Topaipí
-73.33046591,5.28206468,15599,15,Ramiriquí
-73.29452192,5.36146819,15189,15,Ciénaga
-76.18818701,5.20251259,66572,66,Pueblo Rico
-73.40575809,5.34961907,15367,15,Jenesano
-75.75519816,5.31644658,66594,66,Quinchía
-73.47620759,5.31917786,15494,15,Nuevo Colón
-75.85417055,5.30932154,66318,66,Guática
-76.45279402,5.27241082,27787,27,Tadó
-75.618992,5.27983493,17272,17,Filadelfia
-73.84033666,5.29466966,25843,25,Ubaté
-72.56816291,5.09640028,85010,85,Aguazul
-73.70694225,5.28232401,25407,25,Lenguazaque
-73.42368602,5.28142159,15804,15,Tibaná
-72.78287623,5.22580305,85279,85,Recetor
-72.88631386,5.18882052,85015,85,Chámeza
-73.53048601,5.27004442,15835,15,Turmequé
-73.17928463,5.2549249,15897,15,Zetaquirá
-75.50544513,5.25348118,17050,17,Aranzazu
-75.30936389,5.21534174,17446,17,Marulanda
-74.20798773,5.24752419,25871,25,Villagómez
-75.07530804,5.28820176,17444,17,Marquetalia
-73.60274207,5.20722783,25873,25,Villapinzón
-75.17581376,5.21665158,17433,17,Manzanares
-74.31481526,5.24151853,25258,25,El Peñón
-74.92712278,5.21163578,73443,73,Mariquita
-74.80386568,5.15402988,73349,73,Honda
-73.80285958,5.21517532,25224,25,Cucunubá
-75.78831815,5.2008861,17042,17,Anserma
-75.07970539,5.17052529,73283,73,Fresno
-73.06936072,5.20334165,15660,15,San Eduardo
-75.52676288,5.16966577,17486,17,Neira
-74.42618182,5.18689375,25398,25,La Peña
-74.17802081,5.1480032,25513,25,Pacho
-73.87670792,5.22664992,25781,25,Sutatausa
-75.91102799,5.19284982,66088,66,Belén de Umbría
-73.36792237,5.17549388,15172,15,Chinavita
-73.12246801,5.18235165,15090,15,Berbeo
-73.48001284,5.18088972,15842,15,Úmbita
-73.96527141,5.1734133,25793,25,Tausa
-74.49778587,5.1649214,25851,25,Útica
-76.48589331,5.07772902,27205,27,Condoto
-76.03413576,5.11788841,66045,66,Apía
-73.69684588,5.10111477,25183,25,Chocontá
-76.88984867,4.76476474,27361,27,Istmina
-73.80052323,5.12300452,25772,25,Suesca
-73.20864803,5.11974899,15455,15,Miraflores
-74.41043027,5.11245876,25489,25,Nimaima
-74.32222531,5.10952349,25862,25,Vergara
-73.02779234,5.06668078,15514,15,Páez
-71.61413569,4.87773605,85230,85,Orocué
-75.79349435,5.10970243,17616,17,Risaralda
-73.42156361,5.1085828,15511,15,Pachavita
-73.33544898,5.05526322,15299,15,Garagoa
-74.98579045,5.06334395,73270,73,Falan
-73.99158739,5.08463477,25200,25,Cogua
-75.53933097,5.06908866,17001,17,Manizales
-75.26626548,5.0586434,73347,73,Herveo
-72.64732794,4.66151023,85410,85,Tauramena
-75.8314704,5.06822778,17665,17,San José
-74.03836729,5.02369301,25899,25,Zipaquirá
-74.51858975,5.07845753,25592,25,Quebradanegra
-75.04224778,5.0722452,73520,73,Palocabildo
-73.90344725,5.06707647,25486,25,Nemocón
-73.47839903,5.07766523,15380,15,La Capilla
-75.69322777,5.04289347,17524,17,Palestina
-75.9159509,5.04286148,17877,17,Viterbo
-73.63998082,5.01154882,25426,25,Machetá
-74.87801986,4.98609689,73055,73,Armero (Guayabal)
-73.53737848,5.0594154,25807,25,Tibirita
-75.21011151,5.00012112,73152,73,Casabianca
-76.01613092,5.02381543,66687,66,Santuario
-74.24375598,5.04205124,25777,25,Supatá
-74.40257425,5.04392375,25491,25,Nocaima
-73.16463953,4.97460723,15135,15,Campohermoso
-73.4513557,5.0339088,15798,15,Tenza
-74.5016857,4.996927,25875,25,Villeta
-76.54757195,4.86984259,27491,27,Novita
-73.79870873,4.98559102,25736,25,Sesquilé
-74.17162051,4.94868675,25769,25,Subachoque
-75.84909698,4.97758331,17088,17,Belalcázar
-75.70138507,4.97319648,17174,17,Chinchiná
-72.22808292,4.6454264,85139,85,Maní
-76.08038439,4.98841586,66383,66,La Celia
-74.3561226,4.95810086,25402,25,La Vega
-73.50301567,4.98650647,15322,15,Guateque
-75.78459916,4.92824586,66440,66,Marsella
-75.46134028,4.93610245,17873,17,Villamaría
-73.58127853,4.95385351,25436,25,Manta
-75.18602597,4.93915638,73870,73,Villahermosa
-73.31514563,4.94782344,15425,15,Macanal
-73.45002935,4.99331154,15778,15,Sutatenza
-73.89682572,4.98417513,25295,25,Gachancipá
-74.42483124,4.92684549,25718,25,Sasaima
-74.28063723,4.94153737,25658,25,San Francisco
-72.87591124,4.81818593,85162,85,Monterrey
-73.94504475,4.94534368,25817,25,Tocancipá
-75.98324989,4.91352382,66075,66,Balboa
-74.6562012,4.94295417,25168,25,Chaguaní
-73.45701686,4.92254708,15761,15,Somondoco
-74.0985134,4.93193689,25785,25,Tabio
-76.33412199,4.88403528,27660,27,San José del Palmar
-73.40714313,4.91908103,15022,15,Almeida
-73.83596496,4.90724296,25326,25,Guatavita
-76.1184538,4.88823984,76243,76,El Águila
-73.52597874,4.91579459,15325,15,Guayatá
-73.01958545,4.77976115,85300,85,Sabanalarga
-74.04879866,4.90798212,25126,25,Cajicá
-74.67971268,4.82789375,25662,25,San Juan de Río Seco
-75.56876313,4.82951252,66682,66,Santa Rosa de Cabal
-74.57181624,4.87806499,25867,25,Viani
-73.98264299,4.86853822,25758,25,Sopó
-73.14745245,4.79094447,15667,15,San Luís de Gaceno
-75.10427545,4.83271753,73411,73,Líbano
-74.95229516,4.85180507,73408,73,Lérida
-74.46613033,4.88155267,25019,25,Albán
-73.66865197,4.85012448,25297,25,Gachetá
-74.5068492,4.86330439,25328,25,Guayabal de Siquima
-73.28008812,4.79038105,15690,15,Santa María
-74.83247651,4.80240774,73030,73,Ambalema
-75.88528374,4.89351558,66400,66,La Virginia
-73.86331709,4.79233342,25322,25,Guasca
-74.25042683,4.85749182,25260,25,El Rosal
-73.37160427,4.83850573,15236,15,Chívor
-74.05653225,4.8403744,25175,25,Chía
-75.27518679,4.81438784,73461,73,Murillo
-75.72969385,4.76674766,66001,66,Pereira
-74.16254249,4.82065785,25799,25,Tenjo
-74.5477919,4.82505709,25095,25,Bituima
-74.3533726,4.81781791,25269,25,Facatativá
-75.68661683,4.82362854,66170,66,Dos Quebradas
-73.4953498,4.78316274,25839,25,Ubalá
-76.08925362,4.78085533,76041,76,Ansermanuevo
-71.63321262,3.99122877,50568,50,Puerto Gaitán
-74.27336211,4.7544215,25430,25,Madrid
-76.30132062,4.75938162,76246,76,El Cairo
-74.1403554,4.77203344,25214,25,Cota
-74.7773999,4.70739503,25086,25,Beltrán
-74.48069779,4.77292813,25040,25,Anolaima
-74.21083495,4.28567435,11001,11,Bogotá
-73.70758899,4.68407096,25372,25,Junín
-75.97087567,4.6834516,76147,76,Cartago
-76.58507775,4.55229706,27745,27,Sipí
-73.93209355,4.68446357,25377,25,La Calera
-76.22529797,4.70435685,76054,76,Argelia
-74.40841429,4.74083169,25898,25,NA
-74.93432095,4.68947945,73861,73,Venadillo
-74.5746155,4.69943439,25596,25,Quipile
-75.22135091,4.72326006,73686,73,Santa Isabel
-74.21540494,4.72809509,25286,25,Funza
-73.54289445,4.61121771,25293,25,Gachalá
-73.61585819,4.7056968,25299,25,Gama
-74.33436295,4.68760728,25099,25,Bojacá
-73.30837169,4.64008395,25839,25,Ubalá
-74.69272014,4.6752711,25580,25,Pulí
-74.4833518,4.70151908,25123,25,Cachipay
-75.81322628,4.69412884,76845,76,Ulloa
-74.38626359,4.66351908,25797,25,Tena
-73.18239602,4.4134519,25530,25,Paratebueno
-74.24726874,4.6558645,25473,25,Mosquera
-75.21735511,4.62069689,73043,73,Anzoátegui
-76.33563323,4.60584398,76863,76,Versalles
-75.70546366,4.64190857,63272,63,Filandia
-72.84279006,4.49774916,85440,85,Villanueva
-75.53246578,4.60805497,63690,63,Salento
-76.1279317,4.61970445,76823,76,Toro
-75.01189152,4.56793922,73026,73,Alvarado
-74.49031165,4.62592331,25386,25,La Mesa
-75.81221069,4.6483184,76020,76,Alcalá
-73.80348885,4.51226682,25279,25,Fómeque
-72.9896127,4.47117997,50110,50,Barranca de Upía
-75.68522013,4.59503627,63190,63,Circasia
-75.25987722,4.43314295,73001,73,Ibagué
-73.93509709,4.56442356,25181,25,Choachí
-74.36033074,4.5850121,25645,25,San Antonio de Tequendama
-74.70658755,4.55401822,25368,25,Jerusalén
-73.4202819,4.4369428,25438,25,Medina
-75.83110225,4.59011918,63594,63,Quimbaya
-74.24954849,4.5265597,25754,25,Soacha
-74.54306996,4.54259767,25035,25,Anapoima
-74.93499287,4.49190977,73547,73,Piedras
-74.59398425,4.50809951,25599,25,Apulo
-75.97490324,4.5681269,76497,76,Obando
-74.44324297,4.53792712,25245,25,El Colegio
-74.66225773,4.43360111,25815,25,Tocaima
-74.80660638,4.49864728,25324,25,Guataquí
-75.51551598,4.42122077,73124,73,Cajamarca
-76.14679186,4.51961226,76400,76,La Unión
-75.81360301,4.51992237,63470,63,Montenegro
-75.72019252,4.50613906,63001,63,Armenia
-76.38825502,4.48755705,76250,76,El Dovio
-75.97820438,4.47342804,76403,76,La Victoria
-73.99331263,4.48115726,25841,25,Ubaque
-74.35367352,4.51031625,25312,25,Granada
-75.66384922,4.4586949,63130,63,Calarcá
-76.98983732,4.27659234,27250,27,Santa Genoveva de Docorodó
-74.27978557,4.44674873,25740,25,Sibaté
-73.69360268,4.4265752,50686,50,San Juanito
-76.23333945,4.42650986,76622,76,Roldanillo
-75.82418006,4.43747125,63401,63,La Tebaida
-74.50499762,4.41787268,25878,25,Viotá
-74.38147992,4.42266356,25743,25,Silvania
-74.95546823,4.33317956,73200,73,Coello
-76.09340913,4.35592827,76895,76,Zarzal
-74.07220379,4.41207347,25178,25,Chipaque
-75.89464812,4.1904269,76736,76,Sevilla
-73.74098418,4.35156203,50245,50,El Calvario
-73.95553523,4.38682773,25151,25,Cáqueza
-74.83937542,4.3669247,25483,25,Nariño
-72.97709795,4.28266606,50124,50,Cabuyaro
-76.40865053,4.32840954,76100,76,Bolívar
-74.82996217,4.31632435,25307,25,Girardot
-75.85289933,4.30758129,76122,76,Caicedonia
-75.6638859,4.38110597,63212,63,Cordobá
-75.76662172,4.37790382,63111,63,Buenavista
-73.46518055,4.19595783,50606,50,Restrepo
-74.05939623,4.33815737,25845,25,Une
-72.61259087,4.03669069,50573,50,Puerto López
-74.68649106,4.3559266,25001,25,Agua de Dios
-74.26665414,4.29968654,25535,25,Pasca
-74.38066045,4.28968178,25290,25,Fusagasugá
-75.38624414,4.21659804,73624,73,Rovira
-73.85539172,4.29364567,25594,25,Quetame
-74.51149678,4.30413092,25805,25,Tibacuy
-75.71046558,4.30832723,63548,63,Pijao
-74.75066778,4.28903038,25612,25,Ricaurte
-73.96933551,4.29960991,25281,25,Fosca
-74.63437093,4.27978531,25488,25,Nilo
-75.75351318,4.22408891,63302,63,Génova
-76.12512956,4.19279806,76113,76,Bugalagrande
-75.60672107,4.09470221,73622,73,Roncesvalles
-75.13729531,4.10819741,73678,73,San Luis
-73.48736859,4.07103479,50001,50,Villavicencio
-74.07431172,4.15551209,25339,25,Gutiérrez
-73.31842155,4.21736451,50226,50,Cumaral
-74.85718118,4.22514847,73275,73,Flandes
-74.411121,4.20953052,25053,25,Arbeláez
-75.19063164,4.1696253,73854,73,Valle de San Juan
-76.38209429,4.20315377,76828,76,Trujillo
-74.66965874,4.17496924,73449,73,Melgar
-74.56220248,4.11794399,73352,73,Icononzo
-73.87726517,4.17263586,25335,25,Guayabetal
-74.83165001,4.04801848,73770,73,Suárez
-77.08222106,3.58699157,76109,76,Buenaventura
-74.48650663,4.15067496,25524,25,Pandi
-74.76382615,4.10411554,73148,73,Carmen de Apicalá
-76.13979911,4.11058131,76036,76,Andalucía
-74.90975194,4.14798574,73268,73,Espinal
-74.99519252,4.04470858,73319,73,Guamo
-73.77649074,4.00638289,50006,50,Acacías
-74.35595818,4.12654488,25649,25,San Bernardo
-76.41409262,4.09970012,76616,76,Riofrío
-76.03037021,4.02412271,76834,76,Tuluá
-76.25750485,3.99675989,76670,76,San Pedro
-74.70411629,3.97659313,73226,73,Cunday
-76.63633495,3.95150432,76126,76,Calima (Darién)
-75.28974032,3.92270203,73504,73,Ortega
-74.47057992,4.03855656,25506,25,Venecia (Ospina Pérez)
-75.5053892,3.94996265,73675,73,San Antonio
-76.42198964,3.92846339,76890,76,Yotoco
-73.97906939,3.91897327,50318,50,Guamal
-74.46846917,3.87103983,25120,25,Cabrera
-76.11468817,3.87217794,76111,76,Buga
-68.40582414,3.2569529,94001,94,Inírida
-75.62111994,3.73408598,73168,73,Chaparral
-74.90614585,3.84611785,73585,73,Purificación
-74.11071865,3.75602189,50223,50,Cubarral
-73.21398203,3.79554477,50680,50,San Carlos de Guaroa
-74.64560409,3.81906625,73873,73,Villarrica
-75.03270298,3.88457673,73671,73,Saldaña
-75.1705206,3.72519789,73217,73,Coyaima
-73.53186117,3.79092605,50150,50,Castilla la Nueva
-76.72103224,3.63888844,76233,76,Dagua
-72.95789483,3.5308661,50689,50,San Martín
-76.56324561,3.79370373,76606,76,Restrepo
-76.49032513,3.73016697,76869,76,Vijes
-76.30557473,3.77193214,76318,76,Guacarí
-74.89385683,3.72584302,73563,73,Prado
-76.20065242,3.73598771,76306,76,Ginebra
-74.7167281,3.39668616,41206,41,Colombia
-76.60410454,3.66531808,76377,76,NA
-76.21925273,3.67488327,76248,76,El Cerrito
-74.84334217,3.57305189,73236,73,Dolores
-67.62471408,3.29541433,94886,94,NA
-76.24900468,3.55100992,76520,76,Palmira
-75.88075159,3.46710485,73616,73,Rioblanco
-73.79038592,3.65135953,50270,50,El Dorado
-69.30070223,3.23736438,94343,94,NA
-75.14822577,3.53419091,73483,73,Natagaima
-74.4532032,3.00894172,50370,50,Uribe
-74.0383784,3.44074213,50400,50,Lejanías
-73.9612116,3.57486027,50251,50,El Castillo
-76.54022068,3.56745831,76892,76,Yumbo
-75.52775536,3.40741339,73067,73,Ataco
-73.75855525,3.48291758,50313,50,Granada
-76.59629316,3.39699563,76001,76,Cali
-74.13352236,3.05045894,50330,50,Mesetas
-73.6261227,3.33863155,50287,50,Fuente de Oro
-74.95878924,3.37174099,73024,73,Alpujarra
-76.18215478,3.41419831,76563,76,Pradera
-73.22851854,3.2149816,50577,50,Puerto Lleras
-76.42166309,3.38073191,76130,76,Candelaria
-71.94617108,3.09427996,50325,50,Mapiripán
-75.15839714,3.26204449,41872,41,Villavieja
-75.3782779,3.25067552,41016,41,Aipe
-76.21174907,3.30094318,76275,76,Florida
-75.85028872,3.16299245,73555,73,Planadas
-76.66098685,3.19719252,76364,76,Jamundí
-73.8084911,3.20911315,50683,50,San Juan de Arama
-76.44888627,3.26441202,19573,19,Puerto Tejada
-76.22836543,3.22299429,19455,19,Miranda
-74.98329291,3.16209739,41078,41,Baraya
-76.35332622,3.19668931,19513,19,Padilla
-77.30991777,3.00883799,19418,19,López (Micay)
-75.33724839,3.00841941,41001,41,Neiva
-76.39392249,3.06728732,19142,19,Caloto
-76.20849939,3.13357577,19212,19,Corinto
-73.65026254,2.78553668,50711,50,Vista Hermosa
-75.07574169,3.03814043,41799,41,Tello
-76.53108741,2.98525071,19698,19,Santander de Quilichao
-73.13661809,2.78077365,50590,50,Puerto Rico
-76.69976752,2.98997946,19110,19,Buenos Aires
-76.21480544,2.98418139,19821,19,Toribío
-68.16648115,2.41656664,94884,94,NA
-75.72686358,2.96813168,41676,41,Santa María
-78.22917521,3.00158075,19809,19,Timbiquí
-75.44529586,2.87566874,41524,41,Palermo
-76.80386826,2.90313871,19780,19,Suárez
-76.06174734,2.72098582,19517,19,Páez (Belalcazar)
-75.70691217,2.83992586,41801,41,Teruel
-76.323558,2.84213957,19364,19,Jambaló
-76.50465379,2.81256055,19137,19,Caldono
-77.5460504,2.70694967,19809,19,Timbiquí
-74.4611415,1.68403623,18753,18,San Vicente del Caguán
-76.77124756,2.79126322,19473,19,Morales
-75.79566233,2.7645689,41357,41,Íquira
-75.21291051,2.77130015,41615,41,Rivera
-71.91061578,2.35132377,95001,95,San José del Guaviare
-77.09452898,2.56825924,19256,19,El Tambo
-72.65654171,2.7149223,50450,50,Puerto Concordia
-76.59495583,2.69939965,19548,19,Piendamó
-76.37337739,2.66458146,19743,19,Silvia
-76.74971675,2.64649077,19130,19,Cajibío
-75.84827256,2.66051886,41483,41,Nátaga
-75.36851578,2.65178653,41132,41,Campoalegre
-77.66697127,2.43316534,19318,19,Guapí
-75.52941452,2.63249182,41885,41,Yaguará
-75.2307005,2.54122893,41020,41,Algeciras
-75.71214284,2.5330435,41797,41,Tesalia
-77.91645277,2.36883047,52696,52,NA
-76.16313934,2.51203138,19355,19,Inzá
-74.06499317,2.1449548,50350,50,La Macarena
-77.91026738,2.24758488,52250,52,El Charco
-75.47464099,2.5317322,41349,41,Hobo
-76.41088472,2.45932345,19824,19,Totoró
-78.48969661,2.41752753,52473,52,Mosquera
-78.28514704,2.28556338,52390,52,La Tola
-76.63919805,2.47393012,19001,19,Popayán
-75.53338681,2.37730024,41306,41,Gigante
-76.10085261,2.31783338,41396,41,La Plata
-67.45914039,2.10922587,94883,94,NA
-78.35087555,2.18430261,52490,52,Olaya Herrera
-76.76869292,2.36743207,19807,19,Timbío
-75.76629328,2.39852247,41518,41,Paicol
-78.60844916,2.16250851,52520,52,Francisco Pizarro
-76.64371894,2.2412483,19760,19,Sotara (Paispamba)
-76.47868418,2.22603897,19585,19,Puracé (Coconuco)
-77.28036683,2.27166231,19050,19,Argelia
-75.745174,2.28037661,41013,41,Agrado
-75.12087738,1.88220336,18592,18,Puerto Rico
-77.08683527,2.15546907,19532,19,Patía (El Bordo)
-69.1053209,1.93458234,94887,94,NA
-75.82842715,2.22607306,41548,41,Pital
-76.81250793,2.26298313,19622,19,Rosas
-75.56906958,2.19272756,41298,41,Garzón
-78.42054994,1.93627814,52621,52,Roberto Payán (San José)
-76.78235341,2.19357358,19392,19,La Sierra
-75.28307921,1.70667967,18247,18,El Doncello
-71.57399151,1.92310307,95025,95,El Retorno
-76.201016,2.17403766,41378,41,La Argentina
-77.22448055,2.10389548,19075,19,Balboa
-75.89006553,2.13072085,41791,41,Tarqui
-77.94035769,1.917225,52427,52,Magüi (Payán)
-76.0424876,2.07282332,41503,41,Oporapa
-77.37247948,1.95812459,52405,52,Leiva
-76.80673806,2.05969287,19397,19,La Vega
-75.61753548,1.73921017,18001,18,Florencia
-76.20753026,2.06245724,41660,41,Saladoblanco
-75.68105526,2.00734763,41319,41,Guadalupe
-76.43117176,1.86092418,41668,41,San Agustín
-75.80049894,2.05178808,41026,41,Altamira
-76.27757769,1.97374806,41359,41,Isnos
-78.69088643,1.58446604,52835,52,Tumaco
-76.98171456,1.81642605,19100,19,Bolívar
-75.97676611,1.98723732,41244,41,Elías
-70.62994888,1.62425899,97777,97,NA
-75.82535564,1.88591085,41770,41,Suaza
-76.74681027,1.86437103,19693,19,San Sebastián
-75.96928813,1.90959613,41807,41,Timaná
-76.87883112,1.90632606,19022,19,Almaguer
-73.06008253,1.52326815,95015,95,Calamar
-77.20332338,1.79002074,19450,19,Mercaderes
-76.16081834,1.75833604,41551,41,Pitalito
-77.48918214,1.73056151,52540,52,Policarpa
-76.57547599,1.50725751,19701,19,Santa Rosa
-77.38887484,1.78329236,52256,52,El Rosario
-75.96692494,1.68621959,41006,41,Acevedo
-75.41476065,1.52785001,18256,18,El Paujil
-72.05306783,1.26437312,95200,95,Miraflores
-76.13317964,1.62927589,41530,41,Palestina
-75.42579041,1.34300746,18410,18,La Montañita
-77.59010411,1.67428418,52233,52,Cumbitara
-78.135737,1.53072884,52079,52,Barbacoas
-75.92916607,1.45684798,18094,18,Belén de los Andaquíes
-77.08720562,1.7106785,19290,19,Florencia
-77.62486551,1.57514179,52418,52,Sotomayor (Los Andes)
-77.02187773,1.66753602,52693,52,San Pablo
-71.33424995,1.01805196,97161,97,Carurú
-77.3519636,1.59125276,52786,52,Taminango
-77.08283451,1.63656374,52203,52,Colón (Génova)
-77.15684319,1.62413455,52399,52,La Unión
-77.24254839,1.55417604,52687,52,San Lorenzo
-67.02307156,1.36551842,94885,94,NA
-70.40637825,0.9693811,97001,97,Mitú
-76.92307767,1.56190305,52378,52,La Cruz
-77.05046546,1.59004193,52083,52,Belén
-75.77897175,1.48840497,18479,18,Morelia
-77.70207785,1.50971224,52385,52,La Llanada
-77.12537191,1.55253912,52694,52,San Pedro de Cartago
-77.03555524,1.53617215,52685,52,San Bernardo
-77.08274837,1.49612127,52019,52,Albán (San José)
-77.15993943,1.49160506,52051,52,Arboleda (Berruecos)
-77.72346705,1.43520341,52678,52,Samaniego
-76.32563651,1.14193939,19533,19,Piamonte
-77.41607855,1.44366323,52260,52,El Tambo
-76.16176525,1.3041419,18610,18,San José del Fragua
-77.31305068,1.43392605,52240,52,Chachaguí
-76.97289321,1.37696432,52258,52,El Tablón de Gómez
-77.54125313,1.39562518,52411,52,Linares
-78.21800968,1.20269965,52612,52,Ricaurte
-77.16897909,1.33536905,52110,52,Buesaco
-77.77060184,1.31993468,52699,52,Guachavés
-77.41025382,1.35360977,52381,52,La Florida
-74.60297322,0.84980868,18150,18,Cartagena del Chairá
-76.6371996,1.15732446,86001,86,Mocoa
-77.47923767,1.30394221,52683,52,Sandoná
-75.72113031,1.1260937,18860,18,Valparaiso
-75.54294384,1.15109493,18460,18,Milán
-75.93435357,1.23836188,18029,18,Albania
-77.20820414,1.03803417,52001,52,Pasto
-77.62730264,1.2460469,52565,52,Providencia
-77.86645489,1.16725298,52435,52,Mallama (Piedrancha)
-77.56559047,1.27053937,52036,52,Ancuya
-76.85096547,1.14833649,86755,86,San Francisco
-77.6671025,1.15705622,52838,52,Túquerres
-77.47435873,1.22363453,52207,52,Consaca
-76.95637103,1.20447037,86749,86,Sibundoy
-77.55530779,1.17618774,52320,52,Guaitarilla
-76.02758601,1.09678186,18205,18,Curillo
-77.43889003,1.15814633,52885,52,Yacuanquer
-77.03174315,1.17020209,86219,86,Colón
-73.2730341,0.22545857,18756,18,NA
-77.38394043,1.08984245,52788,52,Tangua
-76.949383,1.03538721,86760,86,Santiago
-77.52958747,1.08937927,52354,52,Imúes
-77.7026948,1.05668984,52720,52,Sapuyes
-77.33630259,0.92116647,52287,52,Funes
-75.78457919,0.95110658,18785,18,Solita
-77.9643114,0.9271855,52227,52,Cumbal
-77.59631781,1.05003474,52506,52,Ospina
-76.72443478,0.89377526,86885,86,Villagarzón
-69.64609928,0.78853746,97889,97,NA
-77.77772329,0.99951453,52317,52,Guachucal
-75.90917362,0.7437352,86571,86,Puerto Guzmán
-77.54602435,0.99794325,52352,52,Iles
-77.66538882,0.9327862,52585,52,Pupiales
-77.60552448,0.9522809,52323,52,Gualmatán
-76.93166385,0.66535116,86320,86,Orito
-77.7330307,0.91109866,52022,52,Aldana
-77.5431059,0.93056902,52210,52,Contadero
-77.31958252,0.82016946,52573,52,Puerres
-77.77653805,0.87794432,52224,52,Cuaspud (Carlosama)
-77.35430734,0.78654502,52215,52,Córdoba
-77.38371286,0.56906679,52356,52,Ipiales
-77.40303201,0.74526719,52560,52,Potosí
-70.89558929,0.15441183,97511,97,NA
-76.41016336,0.67349928,86569,86,Puerto Caicedo
-75.09928944,0.05990635,86573,86,Puerto Leguízamo
-76.33405112,0.46034131,86568,86,Puerto Asís
-76.94841178,0.3895303,86865,86,Valle del Guamuez
-76.75988311,0.31331255,86757,86,San Miguel
-71.1717712,-0.72638496,91460,91,NA
-69.90412654,-0.76213129,97666,97,Taraira
-71.99918258,-1.18444772,91669,91,NA
-72.88920677,-1.31915254,91405,91,NA
-70.04246575,-1.51776917,91407,91,NA
-72.77998481,-2.08018851,91263,91,NA
-70.00794203,-2.56837891,91798,91,NA
-70.04085856,-3.57495376,91001,91,Leticia
-70.44399723,-3.65188125,91540,91,Puerto Nariño
-75.14527946,9.07277795,70233,70,El Roble
-73.06688098,10.43157343,44420,44,La Jagua del Pilar
-72.53162509,11.22653284,44035,44,Albania
-74.17909984,10.79540916,47980,47,Zona Bananera (PRADO - SEVILLA)
-74.11654618,10.2633301,47030,47,Algarrobo
-74.77311184,10.23281816,47205,47,Concordia
-74.69322374,10.11957419,47960,47,Zapayán (PUNTA DE PIEDRAS)
-75.04677772,10.19247678,13062,13,Arroyohondo
-74.27685827,10.07339712,47660,47,Sabanas de San Angel (SAN ANGEL)
-74.33053761,9.72857179,47460,47,Nueva Granada
-74.66025029,9.51206158,47720,47,Santa Bárbara de Pinto
-70.25030893,2.78615856,94663,94,NA
-69.78268573,2.3889719,94888,94,NA
-71.21305737,-0.11999344,91430,91,NA
-71.13787169,-1.97394224,91536,91,NA
-73.84493637,-0.97199032,91530,91,NA
-77.45913436,1.51223031,52254,52,El Peñol
-77.35794632,1.30662927,52480,52,Nariño
-76.96210833,2.03577699,19785,19,Sucre
-76.48741305,3.17396261,19845,19,Villa Rica
-75.54172499,9.51731752,70820,70,Tolú
-75.66947551,9.37789486,70221,70,Coveñas
-74.73950044,5.5100695,17380,17,La Dorada
-74.95473117,5.53324617,17495,17,Norcasia
-75.05786104,5.57798055,17662,17,Samaná
-76.6995682,6.02079678,27425,27,Medio Atrato
-76.60627709,5.56252077,27050,27,Atrato (Yuto)
-76.81326767,5.55581712,27600,27,Río Quito
-76.58776659,5.36275718,27160,27,Cértegui
-76.65498695,5.24758575,27810,27,Unión Panamericana (ÁNIMAS)
-77.08774678,5.13872959,27430,27,Medio Baudó
-76.45806438,5.15081659,27580,27,Río Iró
-76.73575366,4.93110323,27450,27,Medio San Juan (ANDAGOYA)
-76.80376361,7.35991998,27086,27,Belén de Bajirá
-76.47257191,7.3277038,05480,05,Mutatá
-76.98974035,7.01625088,27150,27,Carmen del Darién (CURBARADÓ)
-81.71870908,12.54736048,88001,88,NA
-81.37508417,13.35034712,88564,88,Providencia
-75.0333333,10.8333333,08132,08,Juan de Acosta
-74.0333333,8.5333333,13490,13,Norosí
-72.3816667,5.6666667,15532,15,Paya
-75.2486111,0.7147222,18765,18,Solano
-76.3833333,3.1333333,19300,19,Guachené
-75.55,9.1833333,23815,23,Tuchín
-74.4166667,4.8333333,25888,25,Zipacón
-74.75,10.1666667,47441,47,Pedraza
-77.9166667,2.3333333,52695,52,Santa Bárbara (Iscuandé)
-73.1730556,7.0708333,68306,68,Girón
-76.5833333,3.6666667,76677,76,La Cumbre
